Source IP,Flows
10.7.54.219,30994
142.250.182.195,83
142.250.193.14,99
10.0.136.7,1086
104.244.42.193,32
142.250.70.110,151
142.250.192.42,49
142.250.182.202,45
142.250.199.170,223
104.18.32.47,66
142.250.70.69,27
142.251.42.10,186
74.125.130.84,261
104.18.37.228,4
142.250.193.36,119
172.64.155.209,33
142.251.42.3,87
142.250.195.1,13
142.250.183.170,83
172.67.167.186,7420
172.217.174.234,59
104.21.12.216,622
148.251.136.139,35
104.22.49.128,668
142.251.42.78,847
199.232.22.137,44
17.253.18.247,130
157.240.16.20,178
100.21.40.38,29
18.161.111.99,401
54.230.112.28,47
142.250.207.202,39
17.242.13.4,19
142.250.192.10,156
104.26.1.170,41601
142.250.194.202,97
104.17.25.14,34
142.250.207.227,240
151.101.193.229,45
18.239.111.125,61
57.144.176.128,823
103.158.199.21,1393
18.164.217.57,14
57.144.124.1,523
18.172.64.41,36
142.250.77.202,38
104.244.42.194,25
142.250.194.195,94
142.250.183.106,49
142.250.67.165,7
172.65.10.226,55
104.244.42.65,78
142.250.183.164,1547
142.250.183.206,107
142.250.194.106,90
142.250.70.97,32
142.250.199.174,197
142.250.77.78,40
142.250.194.131,34
142.250.193.35,562
142.250.76.182,12
185.199.109.153,3
199.232.21.229,411
65.0.143.174,284
108.158.245.124,177
151.101.66.137,45
104.17.24.14,207
54.230.71.16,282
13.226.61.15,133
142.250.77.234,220
142.250.182.227,166
104.18.187.31,26
18.164.217.122,191
54.189.176.132,20
18.172.64.96,23
13.35.186.80,48
104.18.10.207,28
127.0.0.1,2
34.111.5.7,11
34.160.164.47,13
142.250.183.10,101
142.250.193.46,1347
142.250.66.22,264
172.217.167.234,67
180.149.61.77,2068
142.250.199.161,28
49.44.76.46,14
173.194.154.169,10906
172.217.174.68,779
23.220.252.41,15
142.250.193.206,866
44.238.247.143,18
142.250.193.202,141
20.189.172.33,30
142.250.183.46,70
142.250.70.65,40
142.250.70.74,91
142.250.194.22,27
74.125.68.84,43
142.251.42.42,88
20.207.73.82,244
185.199.109.154,1329
185.199.109.133,117
185.199.111.133,118
140.82.113.26,27
140.82.112.21,58
20.207.73.85,129
142.250.192.206,154
104.25.254.4,271
142.250.192.99,431
185.199.108.133,39
17.248.239.65,47
17.242.13.5,1
216.58.203.36,2110
17.253.18.201,41
17.145.53.1,18
142.250.206.110,371
142.250.192.14,66
142.250.207.225,45
74.125.24.84,139
103.158.199.37,377
104.22.31.67,959
172.67.75.104,107
104.26.8.123,88
104.18.8.9,173
52.222.144.39,584
108.159.61.67,124
138.199.46.67,4105
109.61.45.179,1421
138.199.46.68,633
23.105.168.200,68
54.230.112.31,37
104.238.217.197,19
110.44.116.20,1254
23.210.96.161,7
172.67.142.245,27
89.43.104.243,28
57.144.124.128,24
104.26.0.170,8901
13.226.120.3,16
18.66.57.21,16
49.44.183.9,368
18.164.202.81,17
49.44.183.24,709
49.44.183.26,293
104.18.86.42,33
23.57.240.73,35
104.18.32.137,14
104.238.216.204,31
142.250.77.214,15
172.217.174.229,17
142.250.192.229,3059
142.250.194.67,64
142.250.77.206,583
142.250.70.106,26
142.250.195.10,517
142.250.192.170,57
142.250.192.234,107
180.149.59.202,21
17.253.144.10,13
104.65.228.219,2549
199.232.56.157,525
23.210.101.63,63
23.215.7.13,116
23.215.7.24,19
13.226.120.4,91
104.65.91.55,53
23.57.247.82,24
17.8.131.59,20
17.8.131.173,38
104.65.89.130,19
118.215.81.168,102
49.44.183.57,40
142.250.199.138,54
142.250.193.86,14
104.244.42.8,24
142.250.193.78,57
142.250.77.238,29
23.192.96.32,6248
161.117.97.92,16
138.113.144.16,1584
199.232.100.159,3230
49.44.120.105,1408
151.101.65.91,4
163.171.205.108,97
199.232.56.159,260
199.232.20.158,1193
142.250.194.174,66
13.107.42.14,1565
49.44.120.211,3670
20.31.161.73,20
199.232.22.133,14
180.149.52.211,64
74.125.250.129,4
34.107.199.61,12
35.190.10.96,39
20.157.92.201,83
142.250.192.174,46
142.250.182.214,39
180.149.61.76,41405
49.44.76.49,517
142.250.183.202,27
34.126.231.244,3734
18.239.111.11,17
192.168.1.5,6
192.168.1.100,3
8.8.8.8,35
10.240.0.209,1
10.240.4.104,706
10.240.1.152,450
10.240.1.145,12
10.240.1.137,191
10.240.6.17,1028
10.240.7.112,98
10.240.4.155,131
10.240.10.10,206
10.240.2.190,542
10.240.5.82,524
10.240.17.201,119
10.240.8.31,298
10.240.10.137,431
10.240.0.65,385
10.240.13.188,496
10.240.2.53,394
10.240.0.183,234
17.253.18.243,54
142.250.192.197,3949
10.240.0.41,30120
10.240.12.213,201
10.240.5.4,1820
10.240.6.58,23
216.58.196.106,143
10.240.16.87,15
10.240.0.93,177
10.240.2.252,29
10.240.6.216,29
10.240.5.15,96
10.240.16.55,49
0.0.0.0,336
10.240.8.14,80
10.240.1.133,488
10.240.12.24,113
10.240.14.187,218
10.240.8.56,60
10.240.3.11,109
10.240.10.33,29
10.240.4.118,57
10.240.1.108,72
142.250.183.74,250
10.240.5.141,11
10.240.2.13,68
10.240.13.81,82
142.251.42.99,239
10.240.12.179,84
10.240.14.17,49
10.240.13.99,46
10.240.13.0,21
10.240.9.230,315
10.240.4.253,32
10.240.10.214,14
10.240.0.2,31
10.240.0.3,31
10.240.1.221,24
10.240.3.27,42
10.240.3.165,26
10.240.13.142,6
10.240.0.89,55
10.240.3.124,186
10.240.12.201,189
10.240.1.168,92
10.240.0.199,55
10.240.5.1,7
10.240.10.130,164
10.240.5.0,24
10.240.1.97,25
10.240.6.178,77
10.240.8.214,148
10.240.17.253,139
10.240.9.25,99
10.240.13.51,28
10.240.13.56,15
10.240.17.198,67
142.250.194.142,170
10.240.13.30,66
10.240.12.104,77
10.240.17.249,60
10.240.10.148,76
10.240.18.46,1
10.240.13.141,53
10.240.2.91,44
10.240.13.59,37
10.240.1.131,70
10.240.7.186,71
10.240.10.70,129
10.240.1.172,26
10.240.0.161,56
10.240.18.7,11
10.240.6.213,73
10.240.4.251,79
10.240.17.149,63
10.240.2.208,56
10.240.11.237,10
10.240.2.99,20
10.240.8.230,159
10.240.6.142,24
10.240.5.173,5
10.240.0.251,37
10.240.18.41,3
10.240.5.246,110
10.240.18.3,64
10.240.18.4,53
10.240.11.98,8
10.240.13.125,89
10.240.4.136,25
10.240.7.222,4
10.240.0.45,42
10.240.17.247,19
10.240.9.238,20
10.240.1.253,77
10.240.6.71,37
10.240.7.146,143
10.240.8.199,1
10.240.1.95,119
10.240.0.118,8
10.240.0.37,28
10.240.3.37,103
142.251.42.14,1502
10.240.13.41,17
10.240.11.106,186
10.240.15.93,11
10.240.12.71,120
10.240.3.129,42
10.240.0.172,11
10.240.2.203,69
10.240.2.207,170
57.144.177.32,222
142.250.194.163,155
10.240.18.27,36
10.240.11.156,10
10.240.17.188,1
10.240.6.211,190
10.240.14.244,17
10.240.9.16,10
10.240.14.120,87
10.240.8.219,55
10.240.12.217,7
10.240.2.239,37
10.240.2.143,35
10.240.3.183,27
10.240.8.155,41
10.240.3.29,15
10.240.14.233,16
10.240.6.1,13
10.240.18.14,18
10.240.3.61,15
10.240.14.79,8
10.240.13.49,34
10.240.12.64,26
10.240.17.204,22
10.240.11.121,7
10.240.4.54,29
10.240.12.235,17
10.240.3.118,3
10.240.2.199,15
10.240.8.85,12
10.240.2.212,445
172.64.150.28,9
10.240.17.56,20
10.240.10.71,19
10.240.18.21,13
142.250.192.74,206
10.240.12.117,140
10.240.15.171,16
10.240.5.179,30
10.240.6.157,31
10.240.13.229,7
142.250.193.42,43
10.240.13.150,64
10.240.2.61,39
10.240.12.254,37
10.240.3.137,215
10.240.5.225,18
10.240.13.36,14
10.240.6.54,19
10.240.9.204,10
10.240.3.144,42
10.240.4.114,2
10.240.2.67,17
10.240.8.165,67
10.240.7.48,6
10.240.17.162,18
10.240.9.93,26
10.240.17.4,16
10.240.1.60,2
10.240.17.200,2
10.240.11.185,35
10.240.17.241,54
10.240.10.136,193
10.240.17.109,4
10.240.14.63,199
157.240.13.54,1
10.240.2.220,2
10.240.2.47,9
10.240.3.67,2
10.240.18.40,8
10.240.13.18,7
10.240.13.60,4
10.240.4.233,38
10.240.14.21,17
10.240.6.159,40
10.240.5.190,13
10.240.9.229,12
10.240.6.206,37
10.240.11.196,18
10.240.17.226,22
10.240.4.197,2
142.250.183.138,278
10.240.3.163,12
10.240.2.46,20
10.240.5.251,6
10.240.8.49,76
10.240.13.247,10
10.240.5.164,41
10.240.13.57,18
10.240.3.57,27
10.240.5.196,6
10.240.6.84,5
10.240.2.88,5
10.240.15.188,14
10.240.18.30,22
10.240.11.167,5
10.240.3.28,17
10.240.4.204,40
10.240.0.197,16
10.240.5.115,4
10.240.6.148,7
10.240.5.184,2
10.240.14.76,13
10.240.1.206,24
10.240.0.187,26
10.240.2.171,34
10.240.6.194,29
10.240.2.32,3
10.240.14.25,18
10.240.2.20,2
10.240.13.73,3
10.240.18.31,18
10.240.1.96,19
10.240.5.8,2
10.240.8.44,3
10.240.3.38,6
10.240.1.35,10
10.240.13.138,32
10.240.7.12,3
10.240.15.107,3
10.240.13.74,141
10.240.3.19,15
10.240.7.110,12
142.250.183.42,262
10.240.6.236,54
10.240.10.18,42
10.240.3.154,72
10.240.8.141,11
10.240.3.9,8
10.240.2.75,21
10.240.17.251,19
10.240.6.143,16
10.240.2.85,11
10.240.8.48,40
10.240.2.126,12
10.240.9.244,15
10.240.3.36,54
10.240.1.117,45
10.240.15.127,81
10.0.112.4,12
10.240.3.141,6
142.250.70.37,20
10.240.13.97,35
10.240.7.216,34
10.240.2.181,12
10.240.0.61,168
142.251.42.110,21
142.250.183.1,17
10.240.3.114,35
10.240.9.119,6
142.250.193.234,201
142.250.193.10,35
216.58.200.206,30
142.250.70.68,549
142.251.10.84,14
142.250.192.129,2840
10.240.17.191,14
10.240.11.216,36
10.240.5.114,15
10.240.6.59,21
10.240.2.238,17
10.240.3.47,4
10.240.12.171,126
10.240.17.220,25
10.240.2.186,16
10.240.0.63,208
10.240.4.209,36
10.240.2.36,45
10.240.0.91,28
10.240.12.231,41
10.240.8.145,70
10.240.11.118,1
10.240.12.44,9
10.240.10.75,22
10.240.1.194,17
142.251.42.46,76
10.240.1.94,14
10.240.11.127,11
10.240.18.47,4
10.240.3.4,8
10.240.5.28,24
10.240.2.45,1
10.240.9.177,8
10.240.2.197,5
10.240.4.108,2
10.240.4.205,4
10.240.9.236,41
10.240.7.80,25
10.240.3.45,2
10.240.5.105,9
10.240.14.151,22
10.240.15.136,25
31.13.79.53,13
10.240.17.127,19
10.240.11.143,69
10.240.18.28,30
10.240.1.192,6
10.240.6.215,7
10.240.2.74,18
10.240.2.213,5
10.240.17.234,66
10.240.1.162,28
10.240.13.89,2
10.240.0.165,27
10.240.4.195,28
10.240.3.101,31
10.240.9.29,4
10.240.11.136,1
10.240.11.139,9
10.240.10.155,8
10.240.1.121,17
10.240.3.50,3
10.240.12.22,2
10.240.3.214,20
10.240.17.239,3
10.240.1.130,43
10.240.15.216,5
10.240.9.211,9
10.240.1.90,19
10.240.4.106,8
10.240.1.151,8
10.240.9.8,20
10.240.16.211,4
10.240.2.243,16
10.240.4.81,5
10.240.6.200,7
10.240.5.238,2
10.240.1.17,12
10.240.15.14,2
10.240.12.234,7
10.240.2.18,12
10.240.3.188,11
10.240.8.194,12
10.240.5.154,2
10.240.2.44,36
10.240.0.90,8
10.240.0.70,3
10.240.0.104,5
10.240.0.227,2
10.240.0.201,14
10.240.10.129,24
10.240.2.103,4
10.240.17.224,6
10.240.3.95,15
10.240.2.112,4
10.240.0.44,2
104.65.228.26,3
10.240.9.38,5
10.240.10.223,8
10.240.13.133,184
10.240.7.66,8
10.240.9.183,76
10.240.5.234,100
10.240.0.52,9
10.240.10.32,15
10.240.5.226,1
10.240.13.165,9
10.240.3.60,13
10.240.6.173,60
10.240.13.65,10
10.240.6.11,78
10.240.8.28,15
20.189.172.32,30
10.240.15.179,7
10.240.17.243,18
10.240.6.153,9
142.250.192.138,464
10.240.4.227,42
172.217.166.10,65
10.240.18.19,21
104.244.42.129,19
10.240.3.63,19
10.240.5.37,3
10.240.12.232,13
104.244.42.1,313
10.240.1.134,3
104.244.42.3,15
104.244.42.66,57
10.240.17.130,2
104.244.43.131,25
146.75.92.158,3704
10.240.8.147,5
10.240.8.86,5
10.240.13.111,3
10.240.10.51,21
10.240.9.243,15
10.240.4.83,3
10.240.10.144,1
10.240.1.173,11
10.240.5.17,7
10.240.5.198,5
10.240.3.10,20
10.240.1.213,7
10.240.2.73,65
10.240.8.47,19
10.240.2.117,53
52.42.158.94,17
10.240.2.205,9
10.240.14.0,21
10.240.10.9,4
142.250.192.78,34
142.250.70.42,22
142.250.182.193,164
10.240.8.227,7
142.250.194.33,657
142.250.193.1,226
10.240.7.198,22
142.250.194.14,158
142.250.192.65,34
10.240.7.167,10
10.240.18.24,1
10.240.7.150,23
10.240.0.43,3
10.240.13.22,8
10.240.5.219,2
23.57.13.179,33
17.253.61.200,34
49.44.175.64,19
17.145.0.2,86
23.220.252.8,46
10.240.16.65,10
17.145.48.1,20
10.240.5.54,2
10.240.7.0,3
10.240.6.45,10
10.240.15.140,12
10.240.3.195,4
10.240.1.254,2
10.240.0.207,26
10.240.7.15,8
10.240.4.235,4
10.240.7.118,4
10.240.7.177,24
10.240.8.58,34
142.250.199.145,12
142.250.182.234,78
74.125.200.84,22
142.250.206.138,21
10.240.13.168,13
10.240.3.102,2
76.223.84.192,16
13.248.158.7,10
27.123.43.205,1285
27.123.42.205,91
106.10.218.155,44
108.159.61.34,17
106.10.248.139,26
10.240.3.181,5
10.240.3.82,4
202.166.198.133,5546
10.240.11.220,3
10.240.1.58,5
4.235.112.46,106
10.240.3.20,2
10.240.2.166,4
10.240.4.175,9
10.240.9.232,8
10.240.12.84,2
10.240.13.67,11
10.240.12.177,6
10.240.3.172,2
10.240.0.152,53
10.240.8.90,2
10.240.1.64,3
142.250.194.74,77
10.240.12.221,2
10.240.11.102,5
10.240.12.26,1
10.240.13.12,2
54.191.33.74,20
10.240.5.123,5
142.250.77.195,53
10.240.12.204,5
10.240.5.31,18
10.240.5.213,3
142.250.66.14,64
10.240.7.162,10
10.240.1.107,7
10.240.9.240,3
10.240.11.125,113
10.240.13.4,37
142.251.42.106,19
10.240.14.106,3
10.240.5.72,2
10.240.8.105,29
110.34.26.133,1619
10.240.13.20,15
216.58.200.195,422
10.240.0.190,1
10.240.7.32,32
10.240.2.237,4
18.66.63.78,49
142.251.12.84,114
18.164.217.38,17
10.240.9.171,3
10.240.4.27,2
10.240.2.214,5
10.240.2.180,5
10.240.2.50,5
10.240.9.246,2
10.240.5.193,24
10.240.11.251,20
10.240.13.151,4
10.240.2.195,41
10.240.9.254,8
10.240.0.54,36
10.240.11.129,1
10.240.10.145,29
10.240.1.190,13
10.240.10.157,78
10.240.0.142,4
10.240.13.131,2
10.240.2.82,1
10.240.1.179,16
10.240.0.254,1
10.240.1.143,3
10.240.1.157,20
10.240.13.64,9
10.240.11.249,3
169.254.216.0,8
10.240.18.35,2
10.240.6.106,7
142.250.66.10,23
10.240.13.13,1
10.240.13.68,7
10.240.13.147,1
10.240.0.238,1
10.240.18.11,7
10.240.17.145,2
10.240.18.39,1
10.240.17.45,6
10.240.6.44,10
10.240.0.56,3
10.240.0.233,12
10.240.13.241,8
10.240.6.183,4
10.240.10.52,4
10.240.8.206,2
10.240.1.205,3
10.240.5.242,31
10.240.5.178,8
10.240.2.12,5
10.240.7.50,1
10.240.4.198,41
10.240.15.126,8
10.240.8.143,20
10.240.12.0,69
10.240.17.165,133
10.240.3.150,95
10.240.5.233,62
10.240.7.38,38
10.240.4.57,248
10.240.11.109,25
142.250.194.46,866
142.250.67.234,11
10.240.8.212,21
10.240.10.6,33
10.240.4.26,21
10.240.1.249,15
10.240.2.161,21
10.240.17.252,11
10.240.10.55,21
10.240.16.210,17
10.240.11.50,37
10.240.12.176,21
10.240.4.252,36
10.240.18.82,62
10.240.18.64,10
10.240.18.110,9
10.240.13.192,8
142.250.67.142,1522
142.250.183.54,514
142.250.194.170,33
10.240.2.152,30
10.240.9.233,18
10.240.5.199,16
142.250.192.100,27
10.240.18.114,2
10.240.2.42,34
10.240.10.123,17
142.250.76.161,11
142.250.182.161,115
142.250.194.78,25
10.240.17.102,162
142.250.76.195,232
10.240.8.70,61
10.240.10.241,10
49.44.76.210,45
199.232.46.137,8
49.44.227.204,14
173.194.52.202,56
10.240.13.212,9
10.240.7.42,64
10.240.18.50,28
142.251.42.35,75
10.240.11.32,10
10.240.17.163,10
10.240.0.117,11
10.240.1.146,23
10.240.17.42,12
10.240.10.254,24
10.240.5.146,22
10.240.2.89,9
10.240.11.248,14
10.240.5.170,9
140.82.114.22,4
10.240.11.73,8
10.240.15.205,19
10.7.4.71,1
10.240.17.233,126
10.240.2.241,22
10.240.14.180,4
51.132.193.104,1
10.240.9.76,22
10.240.11.58,9
10.240.11.178,24
10.240.2.134,15
10.240.7.21,74
10.240.1.106,12
10.240.15.95,2
10.240.1.76,5
10.240.13.195,17
10.240.17.167,1
10.240.2.17,3
10.240.0.39,4
10.240.11.54,10
10.240.2.224,2
10.240.4.242,40
10.240.3.220,7
10.240.15.103,3
10.240.10.249,25
10.240.6.124,9
10.240.9.19,42
10.240.17.254,24
10.240.1.161,15
10.240.2.11,8
10.240.3.130,22
10.240.1.144,9
10.240.5.231,38
10.240.2.55,6
10.240.10.42,4
10.240.9.181,4
10.240.1.165,2
10.240.12.253,17
10.240.10.22,3
10.240.18.95,3
10.240.2.163,18
10.240.11.5,4
10.240.5.20,1
10.240.5.208,14
10.240.8.211,23
10.240.1.187,10
10.240.10.160,16
10.240.1.81,7
10.240.13.27,5
10.240.18.71,11
10.240.3.108,56
10.240.2.179,13
10.240.5.161,41
10.240.0.133,1
10.240.3.119,20
10.240.2.235,7
10.240.14.104,2
142.250.192.110,25
10.240.18.69,2
10.240.0.98,13
10.240.14.245,16
10.240.1.185,22
10.240.12.207,16
10.240.15.204,2
10.240.5.88,23
10.240.16.236,41
10.240.1.171,3
17.253.61.203,2804
10.240.11.18,6
10.240.8.116,2
10.240.12.246,38
10.240.14.68,2
10.240.8.209,40
10.240.4.87,3
10.240.15.2,5
10.240.11.163,5
142.250.194.165,160
10.7.37.145,1
10.240.0.125,15
10.7.4.69,2
10.240.0.154,1
10.240.3.103,2
10.240.2.2,6
10.240.6.5,9
10.240.8.40,4
10.240.2.118,4
10.240.9.110,2
10.240.4.234,38
10.240.10.147,8
10.240.5.18,11
10.240.0.249,2
10.240.4.245,10
10.240.3.59,4
10.240.0.116,5
10.240.18.115,38
10.240.5.29,11
10.240.5.66,10
10.240.7.64,2
10.240.9.91,4
10.240.18.79,3
10.240.0.124,9
10.240.18.83,1
10.240.17.172,3
10.240.6.233,2
10.240.10.245,7
10.240.3.109,25
10.240.15.128,4
10.240.7.114,2
10.240.8.242,1
10.240.2.37,3
10.240.18.70,2
10.240.1.82,2
10.240.13.198,4
10.240.4.157,9
10.240.13.244,52
10.240.9.3,3
10.240.5.195,5
10.240.14.3,2
10.240.17.54,24
142.250.183.110,25
10.0.136.91,92
4.213.170.54,154
10.0.137.79,4764
142.251.42.33,57
10.240.15.174,2
10.240.17.86,7
10.240.2.105,4
10.240.2.120,111
10.240.3.217,3
10.240.3.73,35
10.240.3.78,3
10.240.18.17,3
10.240.10.255,2
10.240.9.21,7
10.240.2.248,4
10.240.18.74,4
10.240.2.175,10
