Destination IP,Flows
142.250.182.195,77
10.7.54.219,101638
142.250.193.14,86
142.250.70.110,134
10.0.136.7,1155
104.244.42.193,33
142.250.192.42,43
142.250.182.202,41
142.250.199.170,192
104.18.32.47,73
142.250.70.69,32
142.251.42.10,145
74.125.130.84,158
104.18.37.228,4
142.250.193.36,80
172.64.155.209,33
142.251.42.3,48
142.250.195.1,13
142.250.183.170,70
172.67.167.186,1147
172.217.174.234,46
104.21.12.216,304
148.251.136.139,33
104.22.49.128,331
142.251.42.78,805
199.232.22.137,42
17.253.18.247,43
157.240.16.20,104
100.21.40.38,27
18.161.111.99,142
54.230.112.28,25
142.250.207.202,39
17.242.13.4,21
224.0.0.251,19482
142.250.192.10,112
104.26.1.170,5627
104.17.25.14,28
142.250.194.202,82
142.250.207.227,129
57.144.176.128,281
151.101.193.229,45
18.239.111.125,46
103.158.199.21,598
18.164.217.57,12
57.144.124.1,128
18.172.64.41,36
142.250.77.202,36
104.244.42.194,27
142.250.194.195,84
142.250.183.106,39
142.250.67.165,8
172.65.10.226,55
104.244.42.65,71
142.250.183.164,478
142.250.183.206,95
142.250.194.106,64
142.250.70.97,30
142.250.199.174,162
142.250.77.78,33
142.250.194.131,39
142.250.193.35,240
142.250.76.182,10
185.199.109.153,3
199.232.21.229,159
65.0.143.174,148
108.158.245.124,98
104.17.24.14,117
151.101.66.137,32
13.226.61.15,77
54.230.71.16,158
142.250.77.234,166
142.250.182.227,79
104.18.187.31,23
18.164.217.122,98
54.189.176.132,19
18.172.64.96,20
13.35.186.80,45
104.18.10.207,26
34.111.5.7,10
34.160.164.47,12
142.250.183.10,85
142.250.193.46,321
142.250.66.22,90
172.217.167.234,43
180.149.61.77,330
142.250.199.161,19
49.44.76.46,12
173.194.154.169,1786
172.217.174.68,303
23.220.252.41,16
142.250.193.206,245
44.238.247.143,16
142.250.193.202,108
17.253.18.131,2
17.253.18.99,3
169.254.169.254,12
20.189.172.33,24
142.250.183.46,58
142.250.70.65,38
142.250.70.74,78
142.250.194.22,21
74.125.68.84,46
142.251.42.42,60
20.207.73.82,154
185.199.109.154,601
185.199.109.133,96
185.199.111.133,79
140.82.113.26,25
20.207.73.85,113
140.82.112.21,67
142.250.192.206,85
104.25.254.4,156
142.250.192.99,192
185.199.108.133,32
17.248.239.65,51
17.242.13.5,2
216.58.203.36,641
17.253.18.201,37
17.145.53.1,19
142.250.206.110,181
142.250.192.14,60
142.250.207.225,44
74.125.24.84,98
103.158.199.37,357
104.22.31.67,216
172.67.75.104,61
104.26.8.123,35
104.18.8.9,76
52.222.144.39,296
108.159.61.67,87
138.199.46.67,1553
109.61.45.179,543
138.199.46.68,251
23.105.168.200,68
54.230.112.31,38
104.238.217.197,18
110.44.116.20,343
23.210.96.161,8
172.67.142.245,23
89.43.104.243,23
57.144.124.128,19
104.26.0.170,1306
13.226.120.3,16
18.66.57.21,14
49.44.183.9,155
18.164.202.81,15
49.44.183.24,224
49.44.183.26,158
104.18.86.42,30
23.57.240.73,32
104.18.32.137,13
104.238.216.204,33
142.250.77.214,13
172.217.174.229,16
142.250.192.229,1216
142.250.77.206,314
142.250.194.67,57
142.250.70.106,21
142.250.195.10,490
142.250.192.170,35
142.250.192.234,81
180.149.59.202,20
17.253.144.10,13
104.65.228.219,691
199.232.56.157,265
23.210.101.63,57
23.215.7.13,91
23.215.7.24,17
13.226.120.4,56
104.65.91.55,40
23.57.247.82,17
17.8.131.59,20
17.8.131.173,38
104.65.89.130,15
118.215.81.168,78
49.44.183.57,34
142.250.199.138,46
142.250.193.86,12
104.244.42.8,26
142.250.193.78,50
142.250.77.238,20
23.192.96.32,1861
161.117.97.92,17
138.113.144.16,319
199.232.100.159,835
49.44.120.105,431
151.101.65.91,6
163.171.205.108,56
199.232.56.159,129
199.232.20.158,236
142.250.194.174,49
13.107.42.14,1170
49.44.120.211,1024
20.31.161.73,19
199.232.22.133,12
180.149.52.211,35
74.125.250.129,4
34.107.199.61,13
35.190.10.96,46
20.157.92.201,79
142.250.192.174,43
142.250.182.214,38
180.149.61.76,5377
49.44.76.49,117
142.250.183.202,18
34.126.231.244,582
18.239.111.11,13
192.168.1.100,5
192.168.1.5,3
142.250.172.80,1
8.8.8.8,33
255.255.255.255,3943
10.240.31.255,3561
10.240.0.41,118044
142.250.192.197,1670
216.58.196.106,122
142.250.183.74,207
142.251.42.99,181
10.240.9.230,242
10.240.13.142,1
142.250.194.142,109
10.240.13.56,2
10.240.13.141,1
10.240.1.168,2
10.240.18.41,1
10.240.9.238,6
142.251.42.14,817
57.144.177.32,181
142.250.194.163,123
10.240.5.82,107
10.240.13.51,3
10.240.2.239,3
10.240.6.1,2
10.240.2.199,4
172.64.150.28,9
10.240.18.21,3
142.250.192.74,158
10.240.15.171,5
142.250.193.42,34
10.240.3.137,13
10.240.17.56,3
157.240.13.54,2
10.240.2.47,1
142.250.183.138,190
10.240.2.88,1
10.240.5.164,13
10.240.3.19,2
142.250.183.42,182
10.240.17.251,6
10.240.3.144,11
224.0.0.1,12
142.250.70.37,21
142.251.42.110,23
142.250.183.1,16
142.250.193.234,160
142.250.193.10,30
216.58.200.206,24
142.250.70.68,197
142.251.10.84,15
142.250.192.129,353
10.240.6.59,4
10.240.2.186,4
10.240.8.49,5
10.240.4.209,4
142.251.42.46,52
10.240.14.151,4
31.13.79.53,9
10.240.18.28,4
10.240.8.56,2
10.240.0.165,9
10.240.4.195,8
10.240.3.50,1
10.240.2.243,6
10.240.9.211,3
10.240.6.200,1
10.240.5.238,1
10.240.5.154,1
10.240.0.199,1
10.240.3.95,4
10.240.4.81,2
10.240.11.121,1
104.65.228.26,4
10.240.12.234,1
10.240.12.231,10
10.240.9.8,2
10.240.15.136,4
10.240.3.60,3
10.240.17.127,5
20.189.172.32,24
10.240.10.129,7
142.250.192.138,339
172.217.166.10,58
10.240.11.156,3
104.244.42.129,18
104.244.42.1,264
104.244.42.3,17
104.244.42.66,69
104.244.43.131,25
146.75.92.158,2947
10.240.12.201,15
10.240.17.191,2
10.240.2.197,1
10.240.3.10,3
10.240.0.187,6
10.240.2.73,3
52.42.158.94,16
142.250.192.78,34
142.250.70.42,20
142.250.182.193,137
142.250.194.33,169
142.250.193.1,165
10.240.2.18,1
142.250.192.65,32
142.250.194.14,126
10.240.0.89,2
10.240.9.93,3
10.240.8.48,3
10.240.14.0,4
23.57.13.179,29
17.253.61.200,36
49.44.175.64,15
17.145.0.2,79
23.220.252.8,29
10.240.16.65,1
17.145.48.1,19
10.240.11.167,1
10.240.2.67,2
10.240.13.57,3
10.240.1.121,5
10.240.9.236,5
10.240.1.90,5
142.250.199.145,9
142.250.182.234,65
74.125.200.84,20
142.250.206.138,17
10.240.0.90,2
76.223.84.192,18
13.248.158.7,9
27.123.43.205,386
27.123.42.205,43
106.10.218.155,52
108.159.61.34,16
106.10.248.139,26
10.240.17.109,2
10.240.2.85,2
10.240.2.203,1
202.166.198.133,924
10.240.1.206,4
4.235.112.46,48
10.240.4.136,1
10.240.7.150,3
10.240.1.151,2
10.240.13.67,1
10.240.13.65,3
142.250.194.74,61
10.240.11.102,2
54.191.33.74,15
142.250.77.195,46
10.240.13.49,2
142.250.66.14,61
10.240.14.244,1
10.240.1.107,2
142.251.42.106,14
10.240.13.247,3
110.34.26.133,449
216.58.200.195,137
17.253.18.243,14
18.66.63.78,25
142.251.12.84,86
18.164.217.38,15
10.240.7.222,1
10.240.0.251,7
10.240.1.190,3
10.240.10.157,7
10.240.3.188,1
10.240.1.143,1
169.254.255.255,6
10.240.1.17,2
10.240.2.126,1
10.240.14.233,3
142.250.66.10,16
10.240.18.11,3
10.240.18.7,1
10.240.17.45,1
10.240.0.233,1
10.240.6.183,3
10.240.5.242,2
10.240.1.213,1
142.250.194.46,478
142.250.67.234,13
142.250.67.142,402
142.250.183.54,137
142.250.194.170,23
142.250.192.100,17
142.250.76.161,10
142.250.182.161,66
142.250.194.78,24
142.250.76.195,74
10.240.4.251,3
49.44.76.210,29
199.232.46.137,8
49.44.227.204,11
173.194.52.202,35
10.240.18.50,4
142.251.42.35,60
10.240.11.32,2
10.240.17.42,1
140.82.114.22,4
10.240.18.110,2
10.240.15.205,1
10.240.11.50,6
10.240.17.233,1
10.240.11.58,2
10.240.0.142,2
10.240.10.55,4
10.240.1.108,4
10.240.13.195,6
10.240.0.39,2
10.240.10.249,9
10.240.7.162,2
10.240.6.106,3
10.240.10.148,2
10.240.5.208,5
10.240.3.29,1
10.240.8.211,6
10.240.10.160,5
10.240.4.26,3
10.240.3.119,7
10.240.12.0,4
142.250.192.110,26
10.240.10.6,2
10.240.11.178,6
10.240.2.134,2
10.240.1.185,6
10.240.12.207,4
10.240.16.236,4
10.240.10.145,5
17.253.61.203,632
10.240.4.57,1
10.240.3.214,5
10.240.11.163,2
142.250.194.165,160
10.240.5.233,2
10.240.17.165,2
10.240.16.211,1
10.240.18.115,2
10.240.3.59,1
10.240.2.161,2
10.240.0.104,1
10.240.0.117,3
10.240.6.233,1
10.240.15.128,2
10.240.7.114,1
10.240.13.198,2
17.253.60.125,1
10.240.5.29,5
142.250.183.110,26
10.0.136.91,75
4.213.170.54,47
10.0.137.79,1124
142.251.42.33,42
10.240.1.94,3
10.240.11.54,1
10.240.10.245,1
10.240.1.253,2
10.240.10.255,1
10.240.6.211,1
10.240.18.74,2
